Point,Test,Output,Nominal,Spec,Weight,Pass/Fail
"Parameters: a=0, b=0, c=0, d=0, e=0, f=0, g=0, h=0",,,,,,
1,Charge_weighted:LCC_Simple:1,"value(VT(""/VO"") 1e-08)",813e-3,,,
"Parameters: a=0, b=0, c=0, d=0, e=0, f=0, g=0, h=900m",,,,,,
2,Charge_weighted:LCC_Simple:1,"value(VT(""/VO"") 1e-08)",809.1e-3,,,
"Parameters: a=0, b=0, c=0, d=0, e=0, f=0, g=900m, h=0",,,,,,
3,Charge_weighted:LCC_Simple:1,"value(VT(""/VO"") 1e-08)",806e-3,,,
"Parameters: a=0, b=0, c=0, d=0, e=0, f=0, g=900m, h=900m",,,,,,
4,Charge_weighted:LCC_Simple:1,"value(VT(""/VO"") 1e-08)",801.9e-3,,,
"Parameters: a=0, b=0, c=0, d=0, e=0, f=900m, g=0, h=0",,,,,,
5,Charge_weighted:LCC_Simple:1,"value(VT(""/VO"") 1e-08)",799.8e-3,,,
"Parameters: a=0, b=0, c=0, d=0, e=0, f=900m, g=0, h=900m",,,,,,
6,Charge_weighted:LCC_Simple:1,"value(VT(""/VO"") 1e-08)",796.1e-3,,,
"Parameters: a=0, b=0, c=0, d=0, e=0, f=900m, g=900m, h=0",,,,,,
7,Charge_weighted:LCC_Simple:1,"value(VT(""/VO"") 1e-08)",793e-3,,,
"Parameters: a=0, b=0, c=0, d=0, e=0, f=900m, g=900m, h=900m",,,,,,
8,Charge_weighted:LCC_Simple:1,"value(VT(""/VO"") 1e-08)",788.7e-3,,,
"Parameters: a=0, b=0, c=0, d=0, e=900m, f=0, g=0, h=0",,,,,,
9,Charge_weighted:LCC_Simple:1,"value(VT(""/VO"") 1e-08)",787.3e-3,,,
"Parameters: a=0, b=0, c=0, d=0, e=900m, f=0, g=0, h=900m",,,,,,
10,Charge_weighted:LCC_Simple:1,"value(VT(""/VO"") 1e-08)",783.7e-3,,,
"Parameters: a=0, b=0, c=0, d=0, e=900m, f=0, g=900m, h=0",,,,,,
11,Charge_weighted:LCC_Simple:1,"value(VT(""/VO"") 1e-08)",780.5e-3,,,
"Parameters: a=0, b=0, c=0, d=0, e=900m, f=0, g=900m, h=900m",,,,,,
12,Charge_weighted:LCC_Simple:1,"value(VT(""/VO"") 1e-08)",776.3e-3,,,
"Parameters: a=0, b=0, c=0, d=0, e=900m, f=900m, g=0, h=0",,,,,,
13,Charge_weighted:LCC_Simple:1,"value(VT(""/VO"") 1e-08)",774.3e-3,,,
"Parameters: a=0, b=0, c=0, d=0, e=900m, f=900m, g=0, h=900m",,,,,,
14,Charge_weighted:LCC_Simple:1,"value(VT(""/VO"") 1e-08)",770.5e-3,,,
"Parameters: a=0, b=0, c=0, d=0, e=900m, f=900m, g=900m, h=0",,,,,,
15,Charge_weighted:LCC_Simple:1,"value(VT(""/VO"") 1e-08)",767.3e-3,,,
"Parameters: a=0, b=0, c=0, d=0, e=900m, f=900m, g=900m, h=900m",,,,,,
16,Charge_weighted:LCC_Simple:1,"value(VT(""/VO"") 1e-08)",763.4e-3,,,
"Parameters: a=0, b=0, c=0, d=900m, e=0, f=0, g=0, h=0",,,,,,
17,Charge_weighted:LCC_Simple:1,"value(VT(""/VO"") 1e-08)",762.5e-3,,,
"Parameters: a=0, b=0, c=0, d=900m, e=0, f=0, g=0, h=900m",,,,,,
18,Charge_weighted:LCC_Simple:1,"value(VT(""/VO"") 1e-08)",758.8e-3,,,
"Parameters: a=0, b=0, c=0, d=900m, e=0, f=0, g=900m, h=0",,,,,,
19,Charge_weighted:LCC_Simple:1,"value(VT(""/VO"") 1e-08)",755.6e-3,,,
"Parameters: a=0, b=0, c=0, d=900m, e=0, f=0, g=900m, h=900m",,,,,,
20,Charge_weighted:LCC_Simple:1,"value(VT(""/VO"") 1e-08)",751.4e-3,,,
"Parameters: a=0, b=0, c=0, d=900m, e=0, f=900m, g=0, h=0",,,,,,
21,Charge_weighted:LCC_Simple:1,"value(VT(""/VO"") 1e-08)",749.4e-3,,,
"Parameters: a=0, b=0, c=0, d=900m, e=0, f=900m, g=0, h=900m",,,,,,
22,Charge_weighted:LCC_Simple:1,"value(VT(""/VO"") 1e-08)",745.5e-3,,,
"Parameters: a=0, b=0, c=0, d=900m, e=0, f=900m, g=900m, h=0",,,,,,
23,Charge_weighted:LCC_Simple:1,"value(VT(""/VO"") 1e-08)",742.4e-3,,,
"Parameters: a=0, b=0, c=0, d=900m, e=0, f=900m, g=900m, h=900m",,,,,,
24,Charge_weighted:LCC_Simple:1,"value(VT(""/VO"") 1e-08)",738.4e-3,,,
"Parameters: a=0, b=0, c=0, d=900m, e=900m, f=0, g=0, h=0",,,,,,
25,Charge_weighted:LCC_Simple:1,"value(VT(""/VO"") 1e-08)",736.9e-3,,,
"Parameters: a=0, b=0, c=0, d=900m, e=900m, f=0, g=0, h=900m",,,,,,
26,Charge_weighted:LCC_Simple:1,"value(VT(""/VO"") 1e-08)",733e-3,,,
"Parameters: a=0, b=0, c=0, d=900m, e=900m, f=0, g=900m, h=0",,,,,,
27,Charge_weighted:LCC_Simple:1,"value(VT(""/VO"") 1e-08)",729.9e-3,,,
"Parameters: a=0, b=0, c=0, d=900m, e=900m, f=0, g=900m, h=900m",,,,,,
28,Charge_weighted:LCC_Simple:1,"value(VT(""/VO"") 1e-08)",725.9e-3,,,
"Parameters: a=0, b=0, c=0, d=900m, e=900m, f=900m, g=0, h=0",,,,,,
29,Charge_weighted:LCC_Simple:1,"value(VT(""/VO"") 1e-08)",723.6e-3,,,
"Parameters: a=0, b=0, c=0, d=900m, e=900m, f=900m, g=0, h=900m",,,,,,
30,Charge_weighted:LCC_Simple:1,"value(VT(""/VO"") 1e-08)",719.6e-3,,,
"Parameters: a=0, b=0, c=0, d=900m, e=900m, f=900m, g=900m, h=0",,,,,,
31,Charge_weighted:LCC_Simple:1,"value(VT(""/VO"") 1e-08)",716.5e-3,,,
"Parameters: a=0, b=0, c=0, d=900m, e=900m, f=900m, g=900m, h=900m",,,,,,
32,Charge_weighted:LCC_Simple:1,"value(VT(""/VO"") 1e-08)",712.8e-3,,,
"Parameters: a=0, b=0, c=900m, d=0, e=0, f=0, g=0, h=0",,,,,,
33,Charge_weighted:LCC_Simple:1,"value(VT(""/VO"") 1e-08)",712.3e-3,,,
"Parameters: a=0, b=0, c=900m, d=0, e=0, f=0, g=0, h=900m",,,,,,
34,Charge_weighted:LCC_Simple:1,"value(VT(""/VO"") 1e-08)",708.6e-3,,,
"Parameters: a=0, b=0, c=900m, d=0, e=0, f=0, g=900m, h=0",,,,,,
35,Charge_weighted:LCC_Simple:1,"value(VT(""/VO"") 1e-08)",705.4e-3,,,
"Parameters: a=0, b=0, c=900m, d=0, e=0, f=0, g=900m, h=900m",,,,,,
36,Charge_weighted:LCC_Simple:1,"value(VT(""/VO"") 1e-08)",701.1e-3,,,
"Parameters: a=0, b=0, c=900m, d=0, e=0, f=900m, g=0, h=0",,,,,,
37,Charge_weighted:LCC_Simple:1,"value(VT(""/VO"") 1e-08)",699e-3,,,
"Parameters: a=0, b=0, c=900m, d=0, e=0, f=900m, g=0, h=900m",,,,,,
38,Charge_weighted:LCC_Simple:1,"value(VT(""/VO"") 1e-08)",695.1e-3,,,
"Parameters: a=0, b=0, c=900m, d=0, e=0, f=900m, g=900m, h=0",,,,,,
39,Charge_weighted:LCC_Simple:1,"value(VT(""/VO"") 1e-08)",691.9e-3,,,
"Parameters: a=0, b=0, c=900m, d=0, e=0, f=900m, g=900m, h=900m",,,,,,
40,Charge_weighted:LCC_Simple:1,"value(VT(""/VO"") 1e-08)",687.8e-3,,,
"Parameters: a=0, b=0, c=900m, d=0, e=900m, f=0, g=0, h=0",,,,,,
41,Charge_weighted:LCC_Simple:1,"value(VT(""/VO"") 1e-08)",686.2e-3,,,
"Parameters: a=0, b=0, c=900m, d=0, e=900m, f=0, g=0, h=900m",,,,,,
42,Charge_weighted:LCC_Simple:1,"value(VT(""/VO"") 1e-08)",682.3e-3,,,
"Parameters: a=0, b=0, c=900m, d=0, e=900m, f=0, g=900m, h=0",,,,,,
43,Charge_weighted:LCC_Simple:1,"value(VT(""/VO"") 1e-08)",679e-3,,,
"Parameters: a=0, b=0, c=900m, d=0, e=900m, f=0, g=900m, h=900m",,,,,,
44,Charge_weighted:LCC_Simple:1,"value(VT(""/VO"") 1e-08)",674.9e-3,,,
"Parameters: a=0, b=0, c=900m, d=0, e=900m, f=900m, g=0, h=0",,,,,,
45,Charge_weighted:LCC_Simple:1,"value(VT(""/VO"") 1e-08)",672.6e-3,,,
"Parameters: a=0, b=0, c=900m, d=0, e=900m, f=900m, g=0, h=900m",,,,,,
46,Charge_weighted:LCC_Simple:1,"value(VT(""/VO"") 1e-08)",668.4e-3,,,
"Parameters: a=0, b=0, c=900m, d=0, e=900m, f=900m, g=900m, h=0",,,,,,
47,Charge_weighted:LCC_Simple:1,"value(VT(""/VO"") 1e-08)",665.2e-3,,,
"Parameters: a=0, b=0, c=900m, d=0, e=900m, f=900m, g=900m, h=900m",,,,,,
48,Charge_weighted:LCC_Simple:1,"value(VT(""/VO"") 1e-08)",661.3e-3,,,
"Parameters: a=0, b=0, c=900m, d=900m, e=0, f=0, g=0, h=0",,,,,,
49,Charge_weighted:LCC_Simple:1,"value(VT(""/VO"") 1e-08)",660.2e-3,,,
"Parameters: a=0, b=0, c=900m, d=900m, e=0, f=0, g=0, h=900m",,,,,,
50,Charge_weighted:LCC_Simple:1,"value(VT(""/VO"") 1e-08)",656.1e-3,,,
"Parameters: a=0, b=0, c=900m, d=900m, e=0, f=0, g=900m, h=0",,,,,,
51,Charge_weighted:LCC_Simple:1,"value(VT(""/VO"") 1e-08)",652.8e-3,,,
"Parameters: a=0, b=0, c=900m, d=900m, e=0, f=0, g=900m, h=900m",,,,,,
52,Charge_weighted:LCC_Simple:1,"value(VT(""/VO"") 1e-08)",648.6e-3,,,
"Parameters: a=0, b=0, c=900m, d=900m, e=0, f=900m, g=0, h=0",,,,,,
53,Charge_weighted:LCC_Simple:1,"value(VT(""/VO"") 1e-08)",646.1e-3,,,
"Parameters: a=0, b=0, c=900m, d=900m, e=0, f=900m, g=0, h=900m",,,,,,
54,Charge_weighted:LCC_Simple:1,"value(VT(""/VO"") 1e-08)",641.9e-3,,,
"Parameters: a=0, b=0, c=900m, d=900m, e=0, f=900m, g=900m, h=0",,,,,,
55,Charge_weighted:LCC_Simple:1,"value(VT(""/VO"") 1e-08)",638.6e-3,,,
"Parameters: a=0, b=0, c=900m, d=900m, e=0, f=900m, g=900m, h=900m",,,,,,
56,Charge_weighted:LCC_Simple:1,"value(VT(""/VO"") 1e-08)",634.6e-3,,,
"Parameters: a=0, b=0, c=900m, d=900m, e=900m, f=0, g=0, h=0",,,,,,
57,Charge_weighted:LCC_Simple:1,"value(VT(""/VO"") 1e-08)",632.7e-3,,,
"Parameters: a=0, b=0, c=900m, d=900m, e=900m, f=0, g=0, h=900m",,,,,,
58,Charge_weighted:LCC_Simple:1,"value(VT(""/VO"") 1e-08)",628.4e-3,,,
"Parameters: a=0, b=0, c=900m, d=900m, e=900m, f=0, g=900m, h=0",,,,,,
59,Charge_weighted:LCC_Simple:1,"value(VT(""/VO"") 1e-08)",625e-3,,,
"Parameters: a=0, b=0, c=900m, d=900m, e=900m, f=0, g=900m, h=900m",,,,,,
60,Charge_weighted:LCC_Simple:1,"value(VT(""/VO"") 1e-08)",621e-3,,,
"Parameters: a=0, b=0, c=900m, d=900m, e=900m, f=900m, g=0, h=0",,,,,,
61,Charge_weighted:LCC_Simple:1,"value(VT(""/VO"") 1e-08)",618.2e-3,,,
"Parameters: a=0, b=0, c=900m, d=900m, e=900m, f=900m, g=0, h=900m",,,,,,
62,Charge_weighted:LCC_Simple:1,"value(VT(""/VO"") 1e-08)",614.2e-3,,,
"Parameters: a=0, b=0, c=900m, d=900m, e=900m, f=900m, g=900m, h=0",,,,,,
63,Charge_weighted:LCC_Simple:1,"value(VT(""/VO"") 1e-08)",610.8e-3,,,
"Parameters: a=0, b=0, c=900m, d=900m, e=900m, f=900m, g=900m, h=900m",,,,,,
64,Charge_weighted:LCC_Simple:1,"value(VT(""/VO"") 1e-08)",606.8e-3,,,
"Parameters: a=0, b=900m, c=0, d=0, e=0, f=0, g=0, h=0",,,,,,
65,Charge_weighted:LCC_Simple:1,"value(VT(""/VO"") 1e-08)",608.3e-3,,,
"Parameters: a=0, b=900m, c=0, d=0, e=0, f=0, g=0, h=900m",,,,,,
66,Charge_weighted:LCC_Simple:1,"value(VT(""/VO"") 1e-08)",604.5e-3,,,
"Parameters: a=0, b=900m, c=0, d=0, e=0, f=0, g=900m, h=0",,,,,,
67,Charge_weighted:LCC_Simple:1,"value(VT(""/VO"") 1e-08)",601.2e-3,,,
"Parameters: a=0, b=900m, c=0, d=0, e=0, f=0, g=900m, h=900m",,,,,,
68,Charge_weighted:LCC_Simple:1,"value(VT(""/VO"") 1e-08)",596.8e-3,,,
"Parameters: a=0, b=900m, c=0, d=0, e=0, f=900m, g=0, h=0",,,,,,
69,Charge_weighted:LCC_Simple:1,"value(VT(""/VO"") 1e-08)",594.5e-3,,,
"Parameters: a=0, b=900m, c=0, d=0, e=0, f=900m, g=0, h=900m",,,,,,
70,Charge_weighted:LCC_Simple:1,"value(VT(""/VO"") 1e-08)",590.4e-3,,,
"Parameters: a=0, b=900m, c=0, d=0, e=0, f=900m, g=900m, h=0",,,,,,
71,Charge_weighted:LCC_Simple:1,"value(VT(""/VO"") 1e-08)",587e-3,,,
"Parameters: a=0, b=900m, c=0, d=0, e=0, f=900m, g=900m, h=900m",,,,,,
72,Charge_weighted:LCC_Simple:1,"value(VT(""/VO"") 1e-08)",582.7e-3,,,
"Parameters: a=0, b=900m, c=0, d=0, e=900m, f=0, g=0, h=0",,,,,,
73,Charge_weighted:LCC_Simple:1,"value(VT(""/VO"") 1e-08)",580.8e-3,,,
"Parameters: a=0, b=900m, c=0, d=0, e=900m, f=0, g=0, h=900m",,,,,,
74,Charge_weighted:LCC_Simple:1,"value(VT(""/VO"") 1e-08)",576.5e-3,,,
"Parameters: a=0, b=900m, c=0, d=0, e=900m, f=0, g=900m, h=0",,,,,,
75,Charge_weighted:LCC_Simple:1,"value(VT(""/VO"") 1e-08)",573e-3,,,
"Parameters: a=0, b=900m, c=0, d=0, e=900m, f=0, g=900m, h=900m",,,,,,
76,Charge_weighted:LCC_Simple:1,"value(VT(""/VO"") 1e-08)",568.5e-3,,,
"Parameters: a=0, b=900m, c=0, d=0, e=900m, f=900m, g=0, h=0",,,,,,
77,Charge_weighted:LCC_Simple:1,"value(VT(""/VO"") 1e-08)",565.7e-3,,,
"Parameters: a=0, b=900m, c=0, d=0, e=900m, f=900m, g=0, h=900m",,,,,,
78,Charge_weighted:LCC_Simple:1,"value(VT(""/VO"") 1e-08)",561.1e-3,,,
"Parameters: a=0, b=900m, c=0, d=0, e=900m, f=900m, g=900m, h=0",,,,,,
79,Charge_weighted:LCC_Simple:1,"value(VT(""/VO"") 1e-08)",557.4e-3,,,
"Parameters: a=0, b=900m, c=0, d=0, e=900m, f=900m, g=900m, h=900m",,,,,,
80,Charge_weighted:LCC_Simple:1,"value(VT(""/VO"") 1e-08)",553e-3,,,
"Parameters: a=0, b=900m, c=0, d=900m, e=0, f=0, g=0, h=0",,,,,,
81,Charge_weighted:LCC_Simple:1,"value(VT(""/VO"") 1e-08)",551.4e-3,,,
"Parameters: a=0, b=900m, c=0, d=900m, e=0, f=0, g=0, h=900m",,,,,,
82,Charge_weighted:LCC_Simple:1,"value(VT(""/VO"") 1e-08)",546.8e-3,,,
"Parameters: a=0, b=900m, c=0, d=900m, e=0, f=0, g=900m, h=0",,,,,,
83,Charge_weighted:LCC_Simple:1,"value(VT(""/VO"") 1e-08)",543e-3,,,
"Parameters: a=0, b=900m, c=0, d=900m, e=0, f=0, g=900m, h=900m",,,,,,
84,Charge_weighted:LCC_Simple:1,"value(VT(""/VO"") 1e-08)",538.2e-3,,,
"Parameters: a=0, b=900m, c=0, d=900m, e=0, f=900m, g=0, h=0",,,,,,
85,Charge_weighted:LCC_Simple:1,"value(VT(""/VO"") 1e-08)",535.4e-3,,,
"Parameters: a=0, b=900m, c=0, d=900m, e=0, f=900m, g=0, h=900m",,,,,,
86,Charge_weighted:LCC_Simple:1,"value(VT(""/VO"") 1e-08)",530.6e-3,,,
"Parameters: a=0, b=900m, c=0, d=900m, e=0, f=900m, g=900m, h=0",,,,,,
87,Charge_weighted:LCC_Simple:1,"value(VT(""/VO"") 1e-08)",526.8e-3,,,
"Parameters: a=0, b=900m, c=0, d=900m, e=0, f=900m, g=900m, h=900m",,,,,,
88,Charge_weighted:LCC_Simple:1,"value(VT(""/VO"") 1e-08)",522.4e-3,,,
"Parameters: a=0, b=900m, c=0, d=900m, e=900m, f=0, g=0, h=0",,,,,,
89,Charge_weighted:LCC_Simple:1,"value(VT(""/VO"") 1e-08)",520.2e-3,,,
"Parameters: a=0, b=900m, c=0, d=900m, e=900m, f=0, g=0, h=900m",,,,,,
90,Charge_weighted:LCC_Simple:1,"value(VT(""/VO"") 1e-08)",515.6e-3,,,
"Parameters: a=0, b=900m, c=0, d=900m, e=900m, f=0, g=900m, h=0",,,,,,
91,Charge_weighted:LCC_Simple:1,"value(VT(""/VO"") 1e-08)",511.9e-3,,,
"Parameters: a=0, b=900m, c=0, d=900m, e=900m, f=0, g=900m, h=900m",,,,,,
92,Charge_weighted:LCC_Simple:1,"value(VT(""/VO"") 1e-08)",507.6e-3,,,
"Parameters: a=0, b=900m, c=0, d=900m, e=900m, f=900m, g=0, h=0",,,,,,
93,Charge_weighted:LCC_Simple:1,"value(VT(""/VO"") 1e-08)",504.6e-3,,,
"Parameters: a=0, b=900m, c=0, d=900m, e=900m, f=900m, g=0, h=900m",,,,,,
94,Charge_weighted:LCC_Simple:1,"value(VT(""/VO"") 1e-08)",500.4e-3,,,
"Parameters: a=0, b=900m, c=0, d=900m, e=900m, f=900m, g=900m, h=0",,,,,,
95,Charge_weighted:LCC_Simple:1,"value(VT(""/VO"") 1e-08)",496.8e-3,,,
"Parameters: a=0, b=900m, c=0, d=900m, e=900m, f=900m, g=900m, h=900m",,,,,,
96,Charge_weighted:LCC_Simple:1,"value(VT(""/VO"") 1e-08)",492.7e-3,,,
"Parameters: a=0, b=900m, c=900m, d=0, e=0, f=0, g=0, h=0",,,,,,
97,Charge_weighted:LCC_Simple:1,"value(VT(""/VO"") 1e-08)",490.2e-3,,,
"Parameters: a=0, b=900m, c=900m, d=0, e=0, f=0, g=0, h=900m",,,,,,
98,Charge_weighted:LCC_Simple:1,"value(VT(""/VO"") 1e-08)",486.1e-3,,,
"Parameters: a=0, b=900m, c=900m, d=0, e=0, f=0, g=900m, h=0",,,,,,
99,Charge_weighted:LCC_Simple:1,"value(VT(""/VO"") 1e-08)",482.9e-3,,,
"Parameters: a=0, b=900m, c=900m, d=0, e=0, f=0, g=900m, h=900m",,,,,,
100,Charge_weighted:LCC_Simple:1,"value(VT(""/VO"") 1e-08)",478.9e-3,,,
"Parameters: a=0, b=900m, c=900m, d=0, e=0, f=900m, g=0, h=0",,,,,,
101,Charge_weighted:LCC_Simple:1,"value(VT(""/VO"") 1e-08)",476.5e-3,,,
"Parameters: a=0, b=900m, c=900m, d=0, e=0, f=900m, g=0, h=900m",,,,,,
102,Charge_weighted:LCC_Simple:1,"value(VT(""/VO"") 1e-08)",472.6e-3,,,
"Parameters: a=0, b=900m, c=900m, d=0, e=0, f=900m, g=900m, h=0",,,,,,
103,Charge_weighted:LCC_Simple:1,"value(VT(""/VO"") 1e-08)",469.6e-3,,,
"Parameters: a=0, b=900m, c=900m, d=0, e=0, f=900m, g=900m, h=900m",,,,,,
104,Charge_weighted:LCC_Simple:1,"value(VT(""/VO"") 1e-08)",466.1e-3,,,
"Parameters: a=0, b=900m, c=900m, d=0, e=900m, f=0, g=0, h=0",,,,,,
105,Charge_weighted:LCC_Simple:1,"value(VT(""/VO"") 1e-08)",464.3e-3,,,
"Parameters: a=0, b=900m, c=900m, d=0, e=900m, f=0, g=0, h=900m",,,,,,
106,Charge_weighted:LCC_Simple:1,"value(VT(""/VO"") 1e-08)",460.7e-3,,,
"Parameters: a=0, b=900m, c=900m, d=0, e=900m, f=0, g=900m, h=0",,,,,,
107,Charge_weighted:LCC_Simple:1,"value(VT(""/VO"") 1e-08)",457.9e-3,,,
"Parameters: a=0, b=900m, c=900m, d=0, e=900m, f=0, g=900m, h=900m",,,,,,
108,Charge_weighted:LCC_Simple:1,"value(VT(""/VO"") 1e-08)",454.6e-3,,,
"Parameters: a=0, b=900m, c=900m, d=0, e=900m, f=900m, g=0, h=0",,,,,,
109,Charge_weighted:LCC_Simple:1,"value(VT(""/VO"") 1e-08)",452.3e-3,,,
"Parameters: a=0, b=900m, c=900m, d=0, e=900m, f=900m, g=0, h=900m",,,,,,
110,Charge_weighted:LCC_Simple:1,"value(VT(""/VO"") 1e-08)",449e-3,,,
"Parameters: a=0, b=900m, c=900m, d=0, e=900m, f=900m, g=900m, h=0",,,,,,
111,Charge_weighted:LCC_Simple:1,"value(VT(""/VO"") 1e-08)",446.3e-3,,,
"Parameters: a=0, b=900m, c=900m, d=0, e=900m, f=900m, g=900m, h=900m",,,,,,
112,Charge_weighted:LCC_Simple:1,"value(VT(""/VO"") 1e-08)",443.2e-3,,,
"Parameters: a=0, b=900m, c=900m, d=900m, e=0, f=0, g=0, h=0",,,,,,
113,Charge_weighted:LCC_Simple:1,"value(VT(""/VO"") 1e-08)",441.9e-3,,,
"Parameters: a=0, b=900m, c=900m, d=900m, e=0, f=0, g=0, h=900m",,,,,,
114,Charge_weighted:LCC_Simple:1,"value(VT(""/VO"") 1e-08)",438.7e-3,,,
"Parameters: a=0, b=900m, c=900m, d=900m, e=0, f=0, g=900m, h=0",,,,,,
115,Charge_weighted:LCC_Simple:1,"value(VT(""/VO"") 1e-08)",436.1e-3,,,
"Parameters: a=0, b=900m, c=900m, d=900m, e=0, f=0, g=900m, h=900m",,,,,,
116,Charge_weighted:LCC_Simple:1,"value(VT(""/VO"") 1e-08)",433.1e-3,,,
"Parameters: a=0, b=900m, c=900m, d=900m, e=0, f=900m, g=0, h=0",,,,,,
117,Charge_weighted:LCC_Simple:1,"value(VT(""/VO"") 1e-08)",430.9e-3,,,
"Parameters: a=0, b=900m, c=900m, d=900m, e=0, f=900m, g=0, h=900m",,,,,,
118,Charge_weighted:LCC_Simple:1,"value(VT(""/VO"") 1e-08)",427.9e-3,,,
"Parameters: a=0, b=900m, c=900m, d=900m, e=0, f=900m, g=900m, h=0",,,,,,
119,Charge_weighted:LCC_Simple:1,"value(VT(""/VO"") 1e-08)",425.4e-3,,,
"Parameters: a=0, b=900m, c=900m, d=900m, e=0, f=900m, g=900m, h=900m",,,,,,
120,Charge_weighted:LCC_Simple:1,"value(VT(""/VO"") 1e-08)",422.4e-3,,,
"Parameters: a=0, b=900m, c=900m, d=900m, e=900m, f=0, g=0, h=0",,,,,,
121,Charge_weighted:LCC_Simple:1,"value(VT(""/VO"") 1e-08)",420.7e-3,,,
"Parameters: a=0, b=900m, c=900m, d=900m, e=900m, f=0, g=0, h=900m",,,,,,
122,Charge_weighted:LCC_Simple:1,"value(VT(""/VO"") 1e-08)",417.7e-3,,,
"Parameters: a=0, b=900m, c=900m, d=900m, e=900m, f=0, g=900m, h=0",,,,,,
123,Charge_weighted:LCC_Simple:1,"value(VT(""/VO"") 1e-08)",415.2e-3,,,
"Parameters: a=0, b=900m, c=900m, d=900m, e=900m, f=0, g=900m, h=900m",,,,,,
124,Charge_weighted:LCC_Simple:1,"value(VT(""/VO"") 1e-08)",412.1e-3,,,
"Parameters: a=0, b=900m, c=900m, d=900m, e=900m, f=900m, g=0, h=0",,,,,,
125,Charge_weighted:LCC_Simple:1,"value(VT(""/VO"") 1e-08)",410e-3,,,
"Parameters: a=0, b=900m, c=900m, d=900m, e=900m, f=900m, g=0, h=900m",,,,,,
126,Charge_weighted:LCC_Simple:1,"value(VT(""/VO"") 1e-08)",407e-3,,,
"Parameters: a=0, b=900m, c=900m, d=900m, e=900m, f=900m, g=900m, h=0",,,,,,
127,Charge_weighted:LCC_Simple:1,"value(VT(""/VO"") 1e-08)",404.4e-3,,,
"Parameters: a=0, b=900m, c=900m, d=900m, e=900m, f=900m, g=900m, h=900m",,,,,,
128,Charge_weighted:LCC_Simple:1,"value(VT(""/VO"") 1e-08)",401.4e-3,,,
"Parameters: a=900m, b=0, c=0, d=0, e=0, f=0, g=0, h=0",,,,,,
129,Charge_weighted:LCC_Simple:1,"value(VT(""/VO"") 1e-08)",418.9e-3,,,
"Parameters: a=900m, b=0, c=0, d=0, e=0, f=0, g=0, h=900m",,,,,,
130,Charge_weighted:LCC_Simple:1,"value(VT(""/VO"") 1e-08)",415e-3,,,
"Parameters: a=900m, b=0, c=0, d=0, e=0, f=0, g=900m, h=0",,,,,,
131,Charge_weighted:LCC_Simple:1,"value(VT(""/VO"") 1e-08)",411.8e-3,,,
"Parameters: a=900m, b=0, c=0, d=0, e=0, f=0, g=900m, h=900m",,,,,,
132,Charge_weighted:LCC_Simple:1,"value(VT(""/VO"") 1e-08)",407.6e-3,,,
"Parameters: a=900m, b=0, c=0, d=0, e=0, f=900m, g=0, h=0",,,,,,
133,Charge_weighted:LCC_Simple:1,"value(VT(""/VO"") 1e-08)",405.2e-3,,,
"Parameters: a=900m, b=0, c=0, d=0, e=0, f=900m, g=0, h=900m",,,,,,
134,Charge_weighted:LCC_Simple:1,"value(VT(""/VO"") 1e-08)",401.3e-3,,,
"Parameters: a=900m, b=0, c=0, d=0, e=0, f=900m, g=900m, h=0",,,,,,
135,Charge_weighted:LCC_Simple:1,"value(VT(""/VO"") 1e-08)",398.1e-3,,,
"Parameters: a=900m, b=0, c=0, d=0, e=0, f=900m, g=900m, h=900m",,,,,,
136,Charge_weighted:LCC_Simple:1,"value(VT(""/VO"") 1e-08)",394.1e-3,,,
"Parameters: a=900m, b=0, c=0, d=0, e=900m, f=0, g=0, h=0",,,,,,
137,Charge_weighted:LCC_Simple:1,"value(VT(""/VO"") 1e-08)",392.2e-3,,,
"Parameters: a=900m, b=0, c=0, d=0, e=900m, f=0, g=0, h=900m",,,,,,
138,Charge_weighted:LCC_Simple:1,"value(VT(""/VO"") 1e-08)",388.3e-3,,,
"Parameters: a=900m, b=0, c=0, d=0, e=900m, f=0, g=900m, h=0",,,,,,
139,Charge_weighted:LCC_Simple:1,"value(VT(""/VO"") 1e-08)",385e-3,,,
"Parameters: a=900m, b=0, c=0, d=0, e=900m, f=0, g=900m, h=900m",,,,,,
140,Charge_weighted:LCC_Simple:1,"value(VT(""/VO"") 1e-08)",381e-3,,,
"Parameters: a=900m, b=0, c=0, d=0, e=900m, f=900m, g=0, h=0",,,,,,
141,Charge_weighted:LCC_Simple:1,"value(VT(""/VO"") 1e-08)",378.4e-3,,,
"Parameters: a=900m, b=0, c=0, d=0, e=900m, f=900m, g=0, h=900m",,,,,,
142,Charge_weighted:LCC_Simple:1,"value(VT(""/VO"") 1e-08)",374.4e-3,,,
"Parameters: a=900m, b=0, c=0, d=0, e=900m, f=900m, g=900m, h=0",,,,,,
143,Charge_weighted:LCC_Simple:1,"value(VT(""/VO"") 1e-08)",371.2e-3,,,
"Parameters: a=900m, b=0, c=0, d=0, e=900m, f=900m, g=900m, h=900m",,,,,,
144,Charge_weighted:LCC_Simple:1,"value(VT(""/VO"") 1e-08)",367.4e-3,,,
"Parameters: a=900m, b=0, c=0, d=900m, e=0, f=0, g=0, h=0",,,,,,
145,Charge_weighted:LCC_Simple:1,"value(VT(""/VO"") 1e-08)",366e-3,,,
"Parameters: a=900m, b=0, c=0, d=900m, e=0, f=0, g=0, h=900m",,,,,,
146,Charge_weighted:LCC_Simple:1,"value(VT(""/VO"") 1e-08)",362.1e-3,,,
"Parameters: a=900m, b=0, c=0, d=900m, e=0, f=0, g=900m, h=0",,,,,,
147,Charge_weighted:LCC_Simple:1,"value(VT(""/VO"") 1e-08)",358.8e-3,,,
"Parameters: a=900m, b=0, c=0, d=900m, e=0, f=0, g=900m, h=900m",,,,,,
148,Charge_weighted:LCC_Simple:1,"value(VT(""/VO"") 1e-08)",354.9e-3,,,
"Parameters: a=900m, b=0, c=0, d=900m, e=0, f=900m, g=0, h=0",,,,,,
149,Charge_weighted:LCC_Simple:1,"value(VT(""/VO"") 1e-08)",352.3e-3,,,
"Parameters: a=900m, b=0, c=0, d=900m, e=0, f=900m, g=0, h=900m",,,,,,
150,Charge_weighted:LCC_Simple:1,"value(VT(""/VO"") 1e-08)",348.3e-3,,,
"Parameters: a=900m, b=0, c=0, d=900m, e=0, f=900m, g=900m, h=0",,,,,,
151,Charge_weighted:LCC_Simple:1,"value(VT(""/VO"") 1e-08)",345.1e-3,,,
"Parameters: a=900m, b=0, c=0, d=900m, e=0, f=900m, g=900m, h=900m",,,,,,
152,Charge_weighted:LCC_Simple:1,"value(VT(""/VO"") 1e-08)",341.3e-3,,,
"Parameters: a=900m, b=0, c=0, d=900m, e=900m, f=0, g=0, h=0",,,,,,
153,Charge_weighted:LCC_Simple:1,"value(VT(""/VO"") 1e-08)",339.3e-3,,,
"Parameters: a=900m, b=0, c=0, d=900m, e=900m, f=0, g=0, h=900m",,,,,,
154,Charge_weighted:LCC_Simple:1,"value(VT(""/VO"") 1e-08)",335.4e-3,,,
"Parameters: a=900m, b=0, c=0, d=900m, e=900m, f=0, g=900m, h=0",,,,,,
155,Charge_weighted:LCC_Simple:1,"value(VT(""/VO"") 1e-08)",332.1e-3,,,
"Parameters: a=900m, b=0, c=0, d=900m, e=900m, f=0, g=900m, h=900m",,,,,,
156,Charge_weighted:LCC_Simple:1,"value(VT(""/VO"") 1e-08)",328.4e-3,,,
"Parameters: a=900m, b=0, c=0, d=900m, e=900m, f=900m, g=0, h=0",,,,,,
157,Charge_weighted:LCC_Simple:1,"value(VT(""/VO"") 1e-08)",325.7e-3,,,
"Parameters: a=900m, b=0, c=0, d=900m, e=900m, f=900m, g=0, h=900m",,,,,,
158,Charge_weighted:LCC_Simple:1,"value(VT(""/VO"") 1e-08)",322e-3,,,
"Parameters: a=900m, b=0, c=0, d=900m, e=900m, f=900m, g=900m, h=0",,,,,,
159,Charge_weighted:LCC_Simple:1,"value(VT(""/VO"") 1e-08)",318.8e-3,,,
"Parameters: a=900m, b=0, c=0, d=900m, e=900m, f=900m, g=900m, h=900m",,,,,,
160,Charge_weighted:LCC_Simple:1,"value(VT(""/VO"") 1e-08)",315e-3,,,
"Parameters: a=900m, b=0, c=900m, d=0, e=0, f=0, g=0, h=0",,,,,,
161,Charge_weighted:LCC_Simple:1,"value(VT(""/VO"") 1e-08)",314.2e-3,,,
"Parameters: a=900m, b=0, c=900m, d=0, e=0, f=0, g=0, h=900m",,,,,,
162,Charge_weighted:LCC_Simple:1,"value(VT(""/VO"") 1e-08)",310.4e-3,,,
"Parameters: a=900m, b=0, c=900m, d=0, e=0, f=0, g=900m, h=0",,,,,,
163,Charge_weighted:LCC_Simple:1,"value(VT(""/VO"") 1e-08)",307.2e-3,,,
"Parameters: a=900m, b=0, c=900m, d=0, e=0, f=0, g=900m, h=900m",,,,,,
164,Charge_weighted:LCC_Simple:1,"value(VT(""/VO"") 1e-08)",303.4e-3,,,
"Parameters: a=900m, b=0, c=900m, d=0, e=0, f=900m, g=0, h=0",,,,,,
165,Charge_weighted:LCC_Simple:1,"value(VT(""/VO"") 1e-08)",300.9e-3,,,
"Parameters: a=900m, b=0, c=900m, d=0, e=0, f=900m, g=0, h=900m",,,,,,
166,Charge_weighted:LCC_Simple:1,"value(VT(""/VO"") 1e-08)",297.1e-3,,,
"Parameters: a=900m, b=0, c=900m, d=0, e=0, f=900m, g=900m, h=0",,,,,,
167,Charge_weighted:LCC_Simple:1,"value(VT(""/VO"") 1e-08)",293.9e-3,,,
"Parameters: a=900m, b=0, c=900m, d=0, e=0, f=900m, g=900m, h=900m",,,,,,
168,Charge_weighted:LCC_Simple:1,"value(VT(""/VO"") 1e-08)",290.2e-3,,,
"Parameters: a=900m, b=0, c=900m, d=0, e=900m, f=0, g=0, h=0",,,,,,
169,Charge_weighted:LCC_Simple:1,"value(VT(""/VO"") 1e-08)",288.3e-3,,,
"Parameters: a=900m, b=0, c=900m, d=0, e=900m, f=0, g=0, h=900m",,,,,,
170,Charge_weighted:LCC_Simple:1,"value(VT(""/VO"") 1e-08)",284.5e-3,,,
"Parameters: a=900m, b=0, c=900m, d=0, e=900m, f=0, g=900m, h=0",,,,,,
171,Charge_weighted:LCC_Simple:1,"value(VT(""/VO"") 1e-08)",281.4e-3,,,
"Parameters: a=900m, b=0, c=900m, d=0, e=900m, f=0, g=900m, h=900m",,,,,,
172,Charge_weighted:LCC_Simple:1,"value(VT(""/VO"") 1e-08)",277.7e-3,,,
"Parameters: a=900m, b=0, c=900m, d=0, e=900m, f=900m, g=0, h=0",,,,,,
173,Charge_weighted:LCC_Simple:1,"value(VT(""/VO"") 1e-08)",275.1e-3,,,
"Parameters: a=900m, b=0, c=900m, d=0, e=900m, f=900m, g=0, h=900m",,,,,,
174,Charge_weighted:LCC_Simple:1,"value(VT(""/VO"") 1e-08)",271.5e-3,,,
"Parameters: a=900m, b=0, c=900m, d=0, e=900m, f=900m, g=900m, h=0",,,,,,
175,Charge_weighted:LCC_Simple:1,"value(VT(""/VO"") 1e-08)",268.3e-3,,,
"Parameters: a=900m, b=0, c=900m, d=0, e=900m, f=900m, g=900m, h=900m",,,,,,
176,Charge_weighted:LCC_Simple:1,"value(VT(""/VO"") 1e-08)",264.7e-3,,,
"Parameters: a=900m, b=0, c=900m, d=900m, e=0, f=0, g=0, h=0",,,,,,
177,Charge_weighted:LCC_Simple:1,"value(VT(""/VO"") 1e-08)",263.3e-3,,,
"Parameters: a=900m, b=0, c=900m, d=900m, e=0, f=0, g=0, h=900m",,,,,,
178,Charge_weighted:LCC_Simple:1,"value(VT(""/VO"") 1e-08)",259.5e-3,,,
"Parameters: a=900m, b=0, c=900m, d=900m, e=0, f=0, g=900m, h=0",,,,,,
179,Charge_weighted:LCC_Simple:1,"value(VT(""/VO"") 1e-08)",256.4e-3,,,
"Parameters: a=900m, b=0, c=900m, d=900m, e=0, f=0, g=900m, h=900m",,,,,,
180,Charge_weighted:LCC_Simple:1,"value(VT(""/VO"") 1e-08)",252.8e-3,,,
"Parameters: a=900m, b=0, c=900m, d=900m, e=0, f=900m, g=0, h=0",,,,,,
181,Charge_weighted:LCC_Simple:1,"value(VT(""/VO"") 1e-08)",250.2e-3,,,
"Parameters: a=900m, b=0, c=900m, d=900m, e=0, f=900m, g=0, h=900m",,,,,,
182,Charge_weighted:LCC_Simple:1,"value(VT(""/VO"") 1e-08)",246.6e-3,,,
"Parameters: a=900m, b=0, c=900m, d=900m, e=0, f=900m, g=900m, h=0",,,,,,
183,Charge_weighted:LCC_Simple:1,"value(VT(""/VO"") 1e-08)",243.5e-3,,,
"Parameters: a=900m, b=0, c=900m, d=900m, e=0, f=900m, g=900m, h=900m",,,,,,
184,Charge_weighted:LCC_Simple:1,"value(VT(""/VO"") 1e-08)",239.9e-3,,,
"Parameters: a=900m, b=0, c=900m, d=900m, e=900m, f=0, g=0, h=0",,,,,,
185,Charge_weighted:LCC_Simple:1,"value(VT(""/VO"") 1e-08)",237.9e-3,,,
"Parameters: a=900m, b=0, c=900m, d=900m, e=900m, f=0, g=0, h=900m",,,,,,
186,Charge_weighted:LCC_Simple:1,"value(VT(""/VO"") 1e-08)",234.3e-3,,,
"Parameters: a=900m, b=0, c=900m, d=900m, e=900m, f=0, g=900m, h=0",,,,,,
187,Charge_weighted:LCC_Simple:1,"value(VT(""/VO"") 1e-08)",231.2e-3,,,
"Parameters: a=900m, b=0, c=900m, d=900m, e=900m, f=0, g=900m, h=900m",,,,,,
188,Charge_weighted:LCC_Simple:1,"value(VT(""/VO"") 1e-08)",227.6e-3,,,
"Parameters: a=900m, b=0, c=900m, d=900m, e=900m, f=900m, g=0, h=0",,,,,,
189,Charge_weighted:LCC_Simple:1,"value(VT(""/VO"") 1e-08)",225.1e-3,,,
"Parameters: a=900m, b=0, c=900m, d=900m, e=900m, f=900m, g=0, h=900m",,,,,,
190,Charge_weighted:LCC_Simple:1,"value(VT(""/VO"") 1e-08)",221.5e-3,,,
"Parameters: a=900m, b=0, c=900m, d=900m, e=900m, f=900m, g=900m, h=0",,,,,,
191,Charge_weighted:LCC_Simple:1,"value(VT(""/VO"") 1e-08)",218.4e-3,,,
"Parameters: a=900m, b=0, c=900m, d=900m, e=900m, f=900m, g=900m, h=900m",,,,,,
192,Charge_weighted:LCC_Simple:1,"value(VT(""/VO"") 1e-08)",215e-3,,,
"Parameters: a=900m, b=900m, c=0, d=0, e=0, f=0, g=0, h=0",,,,,,
193,Charge_weighted:LCC_Simple:1,"value(VT(""/VO"") 1e-08)",214.2e-3,,,
"Parameters: a=900m, b=900m, c=0, d=0, e=0, f=0, g=0, h=900m",,,,,,
194,Charge_weighted:LCC_Simple:1,"value(VT(""/VO"") 1e-08)",210.6e-3,,,
"Parameters: a=900m, b=900m, c=0, d=0, e=0, f=0, g=900m, h=0",,,,,,
195,Charge_weighted:LCC_Simple:1,"value(VT(""/VO"") 1e-08)",207.5e-3,,,
"Parameters: a=900m, b=900m, c=0, d=0, e=0, f=0, g=900m, h=900m",,,,,,
196,Charge_weighted:LCC_Simple:1,"value(VT(""/VO"") 1e-08)",203.9e-3,,,
"Parameters: a=900m, b=900m, c=0, d=0, e=0, f=900m, g=0, h=0",,,,,,
197,Charge_weighted:LCC_Simple:1,"value(VT(""/VO"") 1e-08)",201.4e-3,,,
"Parameters: a=900m, b=900m, c=0, d=0, e=0, f=900m, g=0, h=900m",,,,,,
198,Charge_weighted:LCC_Simple:1,"value(VT(""/VO"") 1e-08)",197.8e-3,,,
"Parameters: a=900m, b=900m, c=0, d=0, e=0, f=900m, g=900m, h=0",,,,,,
199,Charge_weighted:LCC_Simple:1,"value(VT(""/VO"") 1e-08)",194.7e-3,,,
"Parameters: a=900m, b=900m, c=0, d=0, e=0, f=900m, g=900m, h=900m",,,,,,
200,Charge_weighted:LCC_Simple:1,"value(VT(""/VO"") 1e-08)",191.2e-3,,,
"Parameters: a=900m, b=900m, c=0, d=0, e=900m, f=0, g=0, h=0",,,,,,
201,Charge_weighted:LCC_Simple:1,"value(VT(""/VO"") 1e-08)",189.2e-3,,,
"Parameters: a=900m, b=900m, c=0, d=0, e=900m, f=0, g=0, h=900m",,,,,,
202,Charge_weighted:LCC_Simple:1,"value(VT(""/VO"") 1e-08)",185.6e-3,,,
"Parameters: a=900m, b=900m, c=0, d=0, e=900m, f=0, g=900m, h=0",,,,,,
203,Charge_weighted:LCC_Simple:1,"value(VT(""/VO"") 1e-08)",running,,,
"Parameters: a=900m, b=900m, c=0, d=0, e=900m, f=0, g=900m, h=900m",,,,,,
204,Charge_weighted:LCC_Simple:1,"value(VT(""/VO"") 1e-08)",pending,,,
"Parameters: a=900m, b=900m, c=0, d=0, e=900m, f=900m, g=0, h=0",,,,,,
205,Charge_weighted:LCC_Simple:1,"value(VT(""/VO"") 1e-08)",pending,,,
"Parameters: a=900m, b=900m, c=0, d=0, e=900m, f=900m, g=0, h=900m",,,,,,
206,Charge_weighted:LCC_Simple:1,"value(VT(""/VO"") 1e-08)",pending,,,
"Parameters: a=900m, b=900m, c=0, d=0, e=900m, f=900m, g=900m, h=0",,,,,,
207,Charge_weighted:LCC_Simple:1,"value(VT(""/VO"") 1e-08)",pending,,,
"Parameters: a=900m, b=900m, c=0, d=0, e=900m, f=900m, g=900m, h=900m",,,,,,
208,Charge_weighted:LCC_Simple:1,"value(VT(""/VO"") 1e-08)",pending,,,
"Parameters: a=900m, b=900m, c=0, d=900m, e=0, f=0, g=0, h=0",,,,,,
209,Charge_weighted:LCC_Simple:1,"value(VT(""/VO"") 1e-08)",pending,,,
"Parameters: a=900m, b=900m, c=0, d=900m, e=0, f=0, g=0, h=900m",,,,,,
210,Charge_weighted:LCC_Simple:1,"value(VT(""/VO"") 1e-08)",pending,,,
"Parameters: a=900m, b=900m, c=0, d=900m, e=0, f=0, g=900m, h=0",,,,,,
211,Charge_weighted:LCC_Simple:1,"value(VT(""/VO"") 1e-08)",pending,,,
"Parameters: a=900m, b=900m, c=0, d=900m, e=0, f=0, g=900m, h=900m",,,,,,
212,Charge_weighted:LCC_Simple:1,"value(VT(""/VO"") 1e-08)",pending,,,
"Parameters: a=900m, b=900m, c=0, d=900m, e=0, f=900m, g=0, h=0",,,,,,
213,Charge_weighted:LCC_Simple:1,"value(VT(""/VO"") 1e-08)",pending,,,
"Parameters: a=900m, b=900m, c=0, d=900m, e=0, f=900m, g=0, h=900m",,,,,,
214,Charge_weighted:LCC_Simple:1,"value(VT(""/VO"") 1e-08)",pending,,,
"Parameters: a=900m, b=900m, c=0, d=900m, e=0, f=900m, g=900m, h=0",,,,,,
215,Charge_weighted:LCC_Simple:1,"value(VT(""/VO"") 1e-08)",pending,,,
"Parameters: a=900m, b=900m, c=0, d=900m, e=0, f=900m, g=900m, h=900m",,,,,,
216,Charge_weighted:LCC_Simple:1,"value(VT(""/VO"") 1e-08)",pending,,,
"Parameters: a=900m, b=900m, c=0, d=900m, e=900m, f=0, g=0, h=0",,,,,,
217,Charge_weighted:LCC_Simple:1,"value(VT(""/VO"") 1e-08)",pending,,,
"Parameters: a=900m, b=900m, c=0, d=900m, e=900m, f=0, g=0, h=900m",,,,,,
218,Charge_weighted:LCC_Simple:1,"value(VT(""/VO"") 1e-08)",pending,,,
"Parameters: a=900m, b=900m, c=0, d=900m, e=900m, f=0, g=900m, h=0",,,,,,
219,Charge_weighted:LCC_Simple:1,"value(VT(""/VO"") 1e-08)",pending,,,
"Parameters: a=900m, b=900m, c=0, d=900m, e=900m, f=0, g=900m, h=900m",,,,,,
220,Charge_weighted:LCC_Simple:1,"value(VT(""/VO"") 1e-08)",pending,,,
"Parameters: a=900m, b=900m, c=0, d=900m, e=900m, f=900m, g=0, h=0",,,,,,
221,Charge_weighted:LCC_Simple:1,"value(VT(""/VO"") 1e-08)",pending,,,
"Parameters: a=900m, b=900m, c=0, d=900m, e=900m, f=900m, g=0, h=900m",,,,,,
222,Charge_weighted:LCC_Simple:1,"value(VT(""/VO"") 1e-08)",pending,,,
"Parameters: a=900m, b=900m, c=0, d=900m, e=900m, f=900m, g=900m, h=0",,,,,,
223,Charge_weighted:LCC_Simple:1,"value(VT(""/VO"") 1e-08)",pending,,,
"Parameters: a=900m, b=900m, c=0, d=900m, e=900m, f=900m, g=900m, h=900m",,,,,,
224,Charge_weighted:LCC_Simple:1,"value(VT(""/VO"") 1e-08)",pending,,,
"Parameters: a=900m, b=900m, c=900m, d=0, e=0, f=0, g=0, h=0",,,,,,
225,Charge_weighted:LCC_Simple:1,"value(VT(""/VO"") 1e-08)",pending,,,
"Parameters: a=900m, b=900m, c=900m, d=0, e=0, f=0, g=0, h=900m",,,,,,
226,Charge_weighted:LCC_Simple:1,"value(VT(""/VO"") 1e-08)",pending,,,
"Parameters: a=900m, b=900m, c=900m, d=0, e=0, f=0, g=900m, h=0",,,,,,
227,Charge_weighted:LCC_Simple:1,"value(VT(""/VO"") 1e-08)",pending,,,
"Parameters: a=900m, b=900m, c=900m, d=0, e=0, f=0, g=900m, h=900m",,,,,,
228,Charge_weighted:LCC_Simple:1,"value(VT(""/VO"") 1e-08)",pending,,,
"Parameters: a=900m, b=900m, c=900m, d=0, e=0, f=900m, g=0, h=0",,,,,,
229,Charge_weighted:LCC_Simple:1,"value(VT(""/VO"") 1e-08)",pending,,,
"Parameters: a=900m, b=900m, c=900m, d=0, e=0, f=900m, g=0, h=900m",,,,,,
230,Charge_weighted:LCC_Simple:1,"value(VT(""/VO"") 1e-08)",pending,,,
"Parameters: a=900m, b=900m, c=900m, d=0, e=0, f=900m, g=900m, h=0",,,,,,
231,Charge_weighted:LCC_Simple:1,"value(VT(""/VO"") 1e-08)",pending,,,
"Parameters: a=900m, b=900m, c=900m, d=0, e=0, f=900m, g=900m, h=900m",,,,,,
232,Charge_weighted:LCC_Simple:1,"value(VT(""/VO"") 1e-08)",pending,,,
"Parameters: a=900m, b=900m, c=900m, d=0, e=900m, f=0, g=0, h=0",,,,,,
233,Charge_weighted:LCC_Simple:1,"value(VT(""/VO"") 1e-08)",pending,,,
"Parameters: a=900m, b=900m, c=900m, d=0, e=900m, f=0, g=0, h=900m",,,,,,
234,Charge_weighted:LCC_Simple:1,"value(VT(""/VO"") 1e-08)",pending,,,
"Parameters: a=900m, b=900m, c=900m, d=0, e=900m, f=0, g=900m, h=0",,,,,,
235,Charge_weighted:LCC_Simple:1,"value(VT(""/VO"") 1e-08)",pending,,,
"Parameters: a=900m, b=900m, c=900m, d=0, e=900m, f=0, g=900m, h=900m",,,,,,
236,Charge_weighted:LCC_Simple:1,"value(VT(""/VO"") 1e-08)",pending,,,
"Parameters: a=900m, b=900m, c=900m, d=0, e=900m, f=900m, g=0, h=0",,,,,,
237,Charge_weighted:LCC_Simple:1,"value(VT(""/VO"") 1e-08)",pending,,,
"Parameters: a=900m, b=900m, c=900m, d=0, e=900m, f=900m, g=0, h=900m",,,,,,
238,Charge_weighted:LCC_Simple:1,"value(VT(""/VO"") 1e-08)",pending,,,
"Parameters: a=900m, b=900m, c=900m, d=0, e=900m, f=900m, g=900m, h=0",,,,,,
239,Charge_weighted:LCC_Simple:1,"value(VT(""/VO"") 1e-08)",pending,,,
"Parameters: a=900m, b=900m, c=900m, d=0, e=900m, f=900m, g=900m, h=900m",,,,,,
240,Charge_weighted:LCC_Simple:1,"value(VT(""/VO"") 1e-08)",pending,,,
"Parameters: a=900m, b=900m, c=900m, d=900m, e=0, f=0, g=0, h=0",,,,,,
241,Charge_weighted:LCC_Simple:1,"value(VT(""/VO"") 1e-08)",pending,,,
"Parameters: a=900m, b=900m, c=900m, d=900m, e=0, f=0, g=0, h=900m",,,,,,
242,Charge_weighted:LCC_Simple:1,"value(VT(""/VO"") 1e-08)",pending,,,
"Parameters: a=900m, b=900m, c=900m, d=900m, e=0, f=0, g=900m, h=0",,,,,,
243,Charge_weighted:LCC_Simple:1,"value(VT(""/VO"") 1e-08)",pending,,,
"Parameters: a=900m, b=900m, c=900m, d=900m, e=0, f=0, g=900m, h=900m",,,,,,
244,Charge_weighted:LCC_Simple:1,"value(VT(""/VO"") 1e-08)",pending,,,
"Parameters: a=900m, b=900m, c=900m, d=900m, e=0, f=900m, g=0, h=0",,,,,,
245,Charge_weighted:LCC_Simple:1,"value(VT(""/VO"") 1e-08)",pending,,,
"Parameters: a=900m, b=900m, c=900m, d=900m, e=0, f=900m, g=0, h=900m",,,,,,
246,Charge_weighted:LCC_Simple:1,"value(VT(""/VO"") 1e-08)",pending,,,
"Parameters: a=900m, b=900m, c=900m, d=900m, e=0, f=900m, g=900m, h=0",,,,,,
247,Charge_weighted:LCC_Simple:1,"value(VT(""/VO"") 1e-08)",pending,,,
"Parameters: a=900m, b=900m, c=900m, d=900m, e=0, f=900m, g=900m, h=900m",,,,,,
248,Charge_weighted:LCC_Simple:1,"value(VT(""/VO"") 1e-08)",pending,,,
"Parameters: a=900m, b=900m, c=900m, d=900m, e=900m, f=0, g=0, h=0",,,,,,
249,Charge_weighted:LCC_Simple:1,"value(VT(""/VO"") 1e-08)",pending,,,
"Parameters: a=900m, b=900m, c=900m, d=900m, e=900m, f=0, g=0, h=900m",,,,,,
250,Charge_weighted:LCC_Simple:1,"value(VT(""/VO"") 1e-08)",pending,,,
"Parameters: a=900m, b=900m, c=900m, d=900m, e=900m, f=0, g=900m, h=0",,,,,,
251,Charge_weighted:LCC_Simple:1,"value(VT(""/VO"") 1e-08)",pending,,,
"Parameters: a=900m, b=900m, c=900m, d=900m, e=900m, f=0, g=900m, h=900m",,,,,,
252,Charge_weighted:LCC_Simple:1,"value(VT(""/VO"") 1e-08)",pending,,,
"Parameters: a=900m, b=900m, c=900m, d=900m, e=900m, f=900m, g=0, h=0",,,,,,
253,Charge_weighted:LCC_Simple:1,"value(VT(""/VO"") 1e-08)",pending,,,
"Parameters: a=900m, b=900m, c=900m, d=900m, e=900m, f=900m, g=0, h=900m",,,,,,
254,Charge_weighted:LCC_Simple:1,"value(VT(""/VO"") 1e-08)",pending,,,
"Parameters: a=900m, b=900m, c=900m, d=900m, e=900m, f=900m, g=900m, h=0",,,,,,
255,Charge_weighted:LCC_Simple:1,"value(VT(""/VO"") 1e-08)",pending,,,
"Parameters: a=900m, b=900m, c=900m, d=900m, e=900m, f=900m, g=900m, h=900m",,,,,,
256,Charge_weighted:LCC_Simple:1,"value(VT(""/VO"") 1e-08)",pending,,,

